Date,Close,High,Low,Open,Volume
2022-01-03,6820.1318359375,6889.962537329351,6796.85493547355,6820.1318359375,54287400
2022-01-04,6889.962890625,6936.516693940033,6820.132185652449,6820.132185652449,70624000
2022-01-05,6936.5166015625,7006.347305605075,6866.685897519924,6936.5166015625,76164900
2022-01-06,6959.79296875,7006.3467678720735,6913.2391696279265,6983.069868311037,63657100
2022-01-07,7122.73193359375,7169.285737081291,6983.070523131128,7029.624326618668,143433300
2022-01-10,7076.177734375,7122.731535259046,7029.623933490954,7052.900833932978,45351900
2022-01-11,7169.28515625,7169.28515625,7099.454456676136,7122.731356534091,110334600
2022-01-12,7169.28515625,7169.28515625,7122.731356534091,7169.28515625,62606000
2022-01-13,7169.28515625,7215.838955965909,7122.731356534091,7169.28515625,50025200
2022-01-14,7308.9462890625,7308.9462890625,7122.731096984475,7169.284895003981,65898700
2022-01-17,7215.83935546875,7355.50076234879,7169.285553175403,7355.50076234879,63902600
2022-01-18,7146.00830078125,7239.115900791428,7029.623800768526,7239.115900791428,71476300
2022-01-19,7146.00830078125,7192.562100786339,7052.900700771071,7122.7314007787045,60389700
2022-01-20,7239.11572265625,7239.11572265625,7099.454326077673,7192.561923796725,59925500
2022-01-21,7402.0546875,7402.0546875,7169.285672169811,7239.116376768868,63370500
2022-01-24,7262.392578125,7308.946376702725,7239.115678836138,7285.669477413862,40278300
2022-01-25,7239.11572265625,7239.11572265625,7099.454326077673,7146.008124937199,106796900
2022-01-26,7169.28515625,7215.838955965909,7122.731356534091,7169.28515625,53350200
2022-01-27,7262.392578125,7262.392578125,7099.454283102965,7099.454283102965,71945100
2022-01-28,7239.11572265625,7285.669521515776,7169.285024366962,7262.392622086013,70595000
2022-01-31,7099.455078125,7239.116489497951,7099.455078125,7239.116489497951,68122000
2022-02-02,7262.392578125,7262.392578125,7146.008081680689,7239.115678836138,65308100
2022-02-03,7192.56201171875,7285.66961057595,7169.28511200445,7262.392710861651,35100600
2022-02-04,7192.56201171875,7262.392710861651,7169.28511200445,7215.83891143305,39324700
2022-02-07,7262.392578125,7262.392578125,7169.284980969552,7239.115678836138,56813200
2022-02-08,7192.56201171875,7308.94651029025,7192.56201171875,7215.83891143305,61883100
2022-02-09,7402.0546875,7402.0546875,7262.393278301886,7308.9470813679245,108922200
2022-02-10,7215.83935546875,7402.054564642137,7215.83935546875,7402.054564642137,93277000
2022-02-11,7285.669921875,7285.669921875,7122.731616912939,7146.0085176218045,71968800
2022-02-14,7169.28515625,7239.115855823863,7169.28515625,7215.838955965909,57710700
2022-02-15,7332.2236328125,7332.2236328125,7192.562230282738,7215.839130704365,55617000
2022-02-16,7425.3310546875,7425.3310546875,7285.669655539772,7308.946555397727,77055100
2022-02-17,7355.50048828125,7378.777388560621,7262.392887163765,7308.946687722508,48704600
2022-02-18,7378.77734375,7402.054243888013,7308.946643335962,7402.054243888013,56813400
2022-02-21,7402.0546875,7425.331589033019,7355.500884433962,7378.777785966981,43821700
2022-02-22,7355.50048828125,7402.054288839991,7308.946687722508,7355.50048828125,80095500
2022-02-23,7495.162109375,7541.715911296584,7332.223802649456,7355.500703610248,99240300
2022-02-24,7448.60791015625,7588.269308471679,7378.777210998535,7564.992408752441,124947700
2022-02-25,7495.162109375,7611.546614178959,7378.77760457104,7402.054505531832,135899900
2022-03-01,7495.162109375,7611.546614178959,7448.608307453415,7448.608307453415,136616800
2022-03-02,7425.3310546875,7658.100053267045,7425.3310546875,7658.100053267045,100301000
2022-03-04,7355.50048828125,7471.884989678105,7355.50048828125,7425.3311891193625,132983400
2022-03-07,7169.28515625,7308.946555397727,7169.28515625,7262.392755681818,130990900
2022-03-08,7122.73193359375,7308.947147543914,7122.73193359375,7169.285737081291,119256500
2022-03-09,7308.9462890625,7402.053885101513,7122.731096984475,7169.284895003981,132814500
2022-03-10,7378.77734375,7425.331144026025,7262.392843059937,7378.77734375,86484000
2022-03-11,7402.0546875,7402.0546875,7192.56257370283,7192.56257370283,61053900
2022-03-14,7518.43896484375,7541.715865663699,7402.0544607440015,7495.1620640238,78432100
2022-03-15,7588.26953125,7634.823332055214,7518.438830042178,7588.26953125,111214500
2022-03-16,7634.8232421875,7704.653942573361,7518.438741544397,7704.653942573361,149761300
2022-03-17,7448.60791015625,7727.93070678711,7448.60791015625,7727.93070678711,132439400
2022-03-18,7355.50048828125,7541.715690516218,7355.50048828125,7448.608089398734,143981700
2022-03-21,7355.50048828125,7402.054288839991,7262.392887163765,7262.392887163765,85485500
2022-03-22,7378.77734375,7402.054243888013,7332.223543473975,7355.500443611987,60010900
2022-03-23,7355.50048828125,7402.054288839991,7285.669787443137,7378.777388560621,82208000
2022-03-24,7378.77734375,7402.054243888013,7262.392843059937,7308.946643335962,95245100
2022-03-25,7402.0546875,7402.0546875,7355.500884433962,7355.500884433962,85101200
2022-03-28,7468.228515625,7468.228515625,7373.693977452532,7397.327611995648,83911500
2022-03-29,7420.9609375,7468.228204617834,7397.327303941082,7444.594571058917,62180600
2022-03-30,7444.5947265625,7468.2283606150795,7397.327458457342,7468.2283606150795,71430600
2022-03-31,7539.12939453125,7562.763028996865,7444.594856668788,7491.862125600019,112691900
2022-04-01,7491.86181640625,7633.663617347693,7420.960915935528,7633.663617347693,105575400
2022-04-04,7468.228515625,7491.862150168117,7397.327611995648,7491.862150168117,57321200
2022-04-05,7468.228515625,7468.228515625,7420.961246538765,7468.228515625,48528300
2022-04-06,7326.4267578125,7420.961296622984,7326.4267578125,7397.3276619203625,119263000
2022-04-07,7326.4267578125,7397.3276619203625,7279.159488407258,7302.793123109879,68619400
2022-04-08,7420.9609375,7444.594571058917,7350.060036823248,7373.693670382166,69791600
2022-04-11,7302.79296875,7444.594773968446,7302.79296875,7397.327505562297,62776200
2022-04-12,7373.69384765625,7373.69384765625,7279.159311147836,7302.7929452749395,73471300
2022-04-13,7373.69384765625,7420.961115910456,7326.426579402043,7373.69384765625,57622100
2022-04-14,7279.1591796875,7373.693714488636,7279.1591796875,7373.693714488636,93342900
2022-04-18,7279.1591796875,7302.792813387784,7208.258278586647,7279.1591796875,68464700
2022-04-19,7208.2587890625,7279.159695184426,7208.2587890625,7279.159695184426,98632000
2022-04-20,7231.892578125,7302.793485753677,7208.2589422487745,7302.793485753677,124388800
2022-04-21,7491.86181640625,7491.86181640625,7326.426381974566,7373.693648955047,129323400
2022-04-22,7444.5947265625,7491.861994667659,7373.693824404762,7420.961092509921,85956100
2022-04-25,7562.7626953125,7562.7626953125,7397.32726135254,7444.594528198242,91279600
2022-04-26,7680.93115234375,7680.93115234375,7491.862077824519,7491.862077824519,128360900
2022-04-27,7751.83203125,7751.83203125,7633.66386004192,7633.66386004192,89463100
2022-04-28,7680.93115234375,7799.099323918269,7633.663883713942,7799.099323918269,133730600
2022-05-09,7184.625,7468.2286184210525,7184.625,7444.594983552632,456796600
2022-05-10,7113.7236328125,7184.624532807309,6853.753666164867,6853.753666164867,268445700
2022-05-11,7231.892578125,7279.159849877451,7042.823491115196,7113.724398743872,156535200
2022-05-12,6877.3876953125,7137.357676922251,6877.3876953125,7113.724042230455,240529600
2022-05-13,6924.65478515625,7066.456589630439,6853.753882919155,6853.753882919155,212968600
2022-05-17,6995.55615234375,7066.4570592931805,6877.3879740947,6877.3879740947,159657600
2022-05-18,7160.9912109375,7160.9912109375,6971.922136061263,7090.090307858911,153514300
2022-05-19,7042.8232421875,7066.456877228398,6971.922337064807,6995.555972105705,140908900
2022-05-20,6995.55615234375,7066.4570592931805,6995.55615234375,7019.1897879935605,86520200
2022-05-23,6971.92236328125,7066.456903800318,6948.288728151483,7042.823268670551,71603500
2022-05-24,6948.2880859375,7066.456250664328,6924.654452992134,6924.654452992134,108710800
2022-05-25,6971.92236328125,7042.823268670551,6948.288728151483,6995.555998411017,76747400
2022-05-27,7160.9912109375,7160.9912109375,7066.456673499381,7113.723942218441,84336900
2022-05-30,7160.9912109375,7184.62484529703,7066.456673499381,7160.9912109375,105411400
2022-05-31,7326.4267578125,7326.4267578125,7113.7240454889115,7184.624949596774,286292700
2022-06-02,7160.9912109375,7255.5257483756195,7113.723942218441,7208.25847965656,149226300
2022-06-03,7184.625,7255.525904605263,7160.991365131579,7184.625,80563100
2022-06-06,7042.8232421875,7160.991417391989,7019.189607146603,7137.3577823510905,81140300
2022-06-07,6971.92236328125,7066.456903800318,6901.0214578919495,6901.0214578919495,129242500
2022-06-08,7184.625,7184.625,7019.1895559210525,7090.090460526316,108910500
2022-06-09,7090.08984375,7160.9907421875,7090.08984375,7090.08984375,107828300
2022-06-10,6948.2880859375,7042.822617718963,6948.2880859375,6995.555351828231,111768600
2022-06-13,6948.2880859375,6995.555351828231,6877.387187101403,6901.020820046769,85539500
2022-06-14,6995.55615234375,6995.55615234375,6853.75433844489,6901.02160974451,80865100
2022-06-15,6924.65478515625,6971.922053314313,6901.021151077219,6901.021151077219,130367100
2022-06-16,7160.9912109375,7184.62484529703,6971.922136061263,6995.555770420792,132666300
2022-06-17,7090.08984375,7137.357109375,7019.1889453124995,7019.1889453124995,117839400
2022-06-20,7208.2587890625,7231.892424436475,7090.090612192623,7184.625153688525,88138700
2022-06-21,7231.892578125,7231.892578125,7137.358034620098,7184.625306372549,44295700
2022-06-22,7090.08984375,7231.891640625,7090.08984375,7208.2580078125,53041800
2022-06-23,7113.7236328125,7160.990899475706,7042.822732817691,7042.822732817691,60443000
2022-06-24,7066.45654296875,7184.624712583612,7066.45654296875,7184.624712583612,57956600
2022-06-27,6948.2880859375,7090.089883609694,6948.2880859375,7066.456250664328,76354100
2022-06-28,6901.02099609375,6995.555530286815,6901.02099609375,6901.02099609375,146078100
2022-06-29,6877.3876953125,6995.555868771477,6877.3876953125,6924.654964696091,98517800
2022-06-30,6853.75390625,6995.555711206896,6853.75390625,6901.021174568966,101343900
2022-07-01,6853.75390625,6924.654808728448,6853.75390625,6901.021174568966,68738800
2022-07-04,6664.68505859375,6877.387773229721,6617.417788674646,6853.754138270168,102238600
2022-07-05,6853.75390625,6924.654808728448,6711.952101293104,6711.952101293104,69172900
2022-07-06,6901.02099609375,6924.6546296420165,6782.852828352418,6901.02099609375,66801100
2022-07-07,6711.9521484375,6853.753954390405,6711.9521484375,6830.120320064921,86126800
2022-07-08,6759.21923828125,6782.852871981534,6688.318337180397,6735.585604580966,64312400
2022-07-11,6735.5859375,6806.486842105263,6735.5859375,6806.486842105263,36830800
2022-07-12,6782.85302734375,6853.753930068598,6759.219393102134,6782.85302734375,34269000
2022-07-13,6617.41796875,6735.586146763393,6617.41796875,6711.9525111607145,71988200
2022-07-14,6641.05126953125,6711.95217276468,6617.417635120107,6641.05126953125,83316300
2022-07-15,6617.41796875,6711.9525111607145,6617.41796875,6711.9525111607145,57419900
2022-07-18,6759.21923828125,6759.21923828125,6641.051069779829,6641.051069779829,60077700
2022-07-19,6782.85302734375,6782.85302734375,6711.952124618902,6711.952124618902,59641000
2022-07-20,6995.55615234375,6995.55615234375,6782.85343149546,6806.487067145271,105792900
2022-07-21,6995.55615234375,6995.55615234375,6853.75433844489,6995.55615234375,64337100
2022-07-22,6924.65478515625,6995.555687393345,6901.021151077219,6995.555687393345,38956500
2022-07-25,6901.02099609375,6971.921896738549,6901.02099609375,6948.288263190282,31247600
2022-07-26,6901.02099609375,6971.921896738549,6853.753728997217,6853.753728997217,44379900
2022-07-27,6924.65478515625,6948.288419235282,6877.3875169981875,6924.65478515625,58465500
2022-07-28,6948.2880859375,7042.822617718963,6924.654452992134,6971.921718882865,86909700
2022-07-29,6948.2880859375,7066.456250664328,6948.2880859375,6995.555351828231,131553000
2022-08-01,7090.08984375,7090.08984375,6948.288046875,6948.288046875,104841600
2022-08-02,7184.625,7208.258634868421,7090.090460526316,7184.625,106466900
2022-08-03,7208.2587890625,7208.2587890625,7160.991518314549,7208.2587890625,60170600
2022-08-04,7373.69384765625,7373.69384765625,7231.89204289363,7255.5256770207325,164221000
2022-08-05,7444.5947265625,7444.5947265625,7302.792922247024,7397.327458457342,118734200
2022-08-08,7444.5947265625,7491.861994667659,7326.426556299603,7444.5947265625,84328900
2022-08-09,7468.228515625,7539.129419254351,7444.594881081883,7444.594881081883,92875800
2022-08-10,7468.228515625,7468.228515625,7302.79307382318,7373.693977452532,104376300
2022-08-11,7515.49609375,7515.49609375,7397.327916175314,7420.961551690251,73204700
2022-08-12,7491.86181640625,7539.129083386731,7420.960915935528,7491.86181640625,59381200
2022-08-15,7515.49609375,7539.129729264937,7468.228822720126,7515.49609375,81411000
2022-08-16,7539.12939453125,7539.12939453125,7420.961222203174,7515.495760065634,83556700
2022-08-18,7562.7626953125,7586.396328735352,7444.594528198242,7468.228161621094,86136900
2022-08-19,7468.228515625,7610.030322883702,7468.228515625,7610.030322883702,58194900
2022-08-22,7562.7626953125,7562.7626953125,7397.32726135254,7420.96089477539,97293300
2022-08-23,7468.228515625,7562.763053797468,7468.228515625,7562.763053797468,71671800
2022-08-24,7515.49609375,7586.397000294812,7468.228822720126,7515.49609375,108892400
2022-08-25,7633.6640625,7657.297697368421,7468.2286184210525,7562.763157894737,99503500
2022-08-26,7562.7626953125,7680.930862426758,7562.7626953125,7586.396328735352,80472400
2022-08-29,7704.56494140625,7704.56494140625,7515.495863089533,7562.7631326687115,57762100
2022-08-30,7728.19873046875,7822.733271514239,7633.664189423261,7657.297824684633,124467000
2022-08-31,7751.83203125,7775.465665491615,7610.030225800305,7633.66386004192,137659900
2022-09-01,7704.56494140625,7799.099480564609,7680.931306616661,7704.56494140625,74960800
2022-09-02,7775.4658203125,7775.4658203125,7704.564916175912,7704.564916175912,71430600
2022-09-05,7822.732421875,7846.366054569487,7751.831523791541,7775.465156486028,62906000
2022-09-06,7822.732421875,7893.63331995846,7799.098789180514,7846.366054569487,67079900
2022-09-07,7917.267578125,7917.267578124999,7799.0994053171635,7799.0994053171635,117931700
2022-09-08,7893.6337890625,8035.435593656437,7893.6337890625,7940.901057260478,132777400
2022-09-09,7917.267578125,8035.435750932836,7822.733039878731,8035.435750932836,91234600
2022-09-12,7917.267578125,7964.534847248134,7870.000309001865,7870.000309001865,52395300
2022-09-13,8059.06982421875,8106.337095915047,7917.268009129857,7917.268009129857,124485200
2022-09-14,8035.43603515625,8177.237847541361,7917.267858168658,7917.267858168658,116642400
2022-09-15,8271.771484375,8389.9396484375,8035.43515625,8035.43515625,190404800
2022-09-16,7988.1689453125,8248.13894057415,7988.1689453125,8224.505304641272,363127600
2022-09-19,8177.236328125,8271.770852149566,7988.167280075867,8011.8009110820085,102530600
2022-09-20,8082.703125,8177.237664473684,8082.703125,8082.703125,89238400
2022-09-21,8011.802734375,8129.970916297935,7964.535461605826,8059.070007144174,90933700
2022-09-22,8011.802734375,8059.070007144174,7917.2681888366515,7917.2681888366515,61908500
2022-09-23,7917.267578125,8011.802116371268,7917.267578124999,7917.267578124999,60567600
2022-09-26,7964.53515625,8035.4360626854605,7751.83243694362,7751.83243694362,106228200
2022-09-27,7846.3662109375,7988.168009930346,7846.3662109375,7917.267110433922,89567100
2022-09-28,7870.0,7964.534534534534,7799.099099099099,7799.099099099099,89153400
2022-09-29,7917.267578125,7988.168481809701,7870.000309001865,7870.000309001865,62643700
2022-09-30,8082.703125,8106.336759868421,7822.733141447368,7917.2676809210525,176524800
2022-10-03,8035.43603515625,8059.069670553768,7988.168764361213,7988.168764361213,115079600
2022-10-04,8082.703125,8153.604029605263,8059.069490131579,8059.069490131579,80524500
2022-10-05,7988.1689453125,8082.703489044009,7964.535309379623,8059.069853111132,63788000
2022-10-06,7964.53515625,8035.4360626854605,7964.53515625,8011.802427206973,43967400
2022-10-07,7751.83203125,7917.26747094131,7751.83203125,7870.000202458079,112043400
2022-10-10,7846.3662109375,7917.267110433922,7680.930778779179,7704.564411944653,80238200
2022-10-11,7799.0986328125,7846.365897253788,7704.5641039299235,7751.831368371211,64060000
2022-10-12,7870.0,7870.0,7728.198198198198,7751.831831831832,47569700
2022-10-13,7822.732421875,7917.266952652946,7822.732421875,7822.732421875,62282800
2022-10-14,7799.0986328125,7893.633161695076,7799.0986328125,7846.365897253788,70642900
2022-10-17,7799.0986328125,7846.365897253788,7728.197736150568,7799.0986328125,56387500
2022-10-18,7846.3662109375,8011.8016430958205,7799.0989446065505,7822.732577772025,85665300
2022-10-19,7822.732421875,7893.63331995846,7775.465156486028,7799.098789180514,66753500
2022-10-20,8035.43603515625,8035.43603515625,7799.099681181066,7799.099681181066,91812300
2022-10-21,8177.236328125,8248.137221143425,7988.167280075867,7988.167280075867,122777800
2022-10-24,8413.57421875,8413.57421875,8248.138770628511,8271.772406074439,89416500
2022-10-25,8224.50390625,8389.939329651581,8224.50390625,8342.672065822557,84696300
2022-10-26,8082.703125,8177.237664473684,8082.703125,8153.604029605263,98962100
2022-10-27,8224.50390625,8224.50390625,8082.702114762931,8082.702114762931,77003400
2022-10-28,8271.771484375,8271.771484375,8177.236953125,8177.236953125,84980600
2022-10-31,8319.0390625,8366.306329900568,8295.405428799715,8366.306329900568,138922800
2022-11-01,8319.0390625,8508.108132102272,8248.138161399147,8508.108132102272,118118400
2022-11-02,8271.771484375,8342.6723828125,8248.1378515625,8319.03875,68323600
2022-11-03,8319.0390625,8342.672696200283,8224.504527698864,8224.504527698864,81856300
2022-11-04,8295.4052734375,8319.038906695156,8200.870740406874,8295.4052734375,84458300
2022-11-07,8366.306640625,8366.306640625,8200.871198578743,8248.138467734816,94794000
2022-11-08,8271.771484375,8389.9396484375,8248.1378515625,8366.306015625,42525500
2022-11-09,8389.9404296875,8389.9404296875,8200.871349581867,8200.871349581867,96599500
2022-11-10,8319.0390625,8319.0390625,8248.138161399147,8248.138161399147,89463000
2022-11-11,8366.306640625,8437.20754435911,8342.673006046964,8413.573909781073,59597900
2022-11-14,8271.771484375,8413.57328125,8271.771484375,8389.9396484375,49208200
2022-11-15,8319.0390625,8366.306329900568,8271.771795099432,8295.405428799715,59092900
2022-11-16,8129.970703125,8200.871610419696,8082.703431595203,8153.604338889898,143424800
2022-11-17,8248.138671875,8342.673212526863,8129.970496060172,8153.604131223137,72679800
2022-11-18,8342.6728515625,8413.573753983712,8248.138315000886,8248.138315000886,83556900
2022-11-21,8248.138671875,8413.57411801576,8248.138671875,8389.940482852793,35901000
2022-11-22,8413.57421875,8460.841489641854,8366.306947858147,8413.57421875,84684200
2022-11-23,8389.9404296875,8484.474969740317,8389.9404296875,8413.574064700704,84642100
2022-11-24,8508.109375,8508.109375,8460.842100694445,8484.475737847222,53520800
2022-11-25,8484.474609375,8508.1082433844,8413.573707346797,8508.1082433844,75048300
2022-11-28,8531.7421875,8602.643092105263,8484.474917763158,8555.375822368422,96209700
2022-11-29,8484.474609375,8579.009145412605,8437.207341356198,8484.474609375,91562100
2022-11-30,8791.7119140625,8886.24645077285,8366.306498865928,8389.940133043514,644359600
2022-12-01,8508.109375,8838.980295138888,8508.109375,8768.079383680555,155775400
2022-12-02,8446.421875,8517.599587429775,8446.421875,8446.421875,130982100
2022-12-05,8327.791015625,8446.42051727208,8327.791015625,8351.516915954417,114656300
2022-12-06,8232.8876953125,8304.065398730187,8137.984090755583,8280.339497590958,180553800
2022-12-07,8019.35546875,8137.984987518491,8019.35546875,8066.807276257397,229308700
2022-12-08,8066.806640625,8137.984346277574,7924.451229319853,7948.177131204045,172590100
2022-12-09,8137.98486328125,8161.710766672741,8019.355346323797,8066.807153106778,90851300
2022-12-12,8256.61328125,8256.61328125,8043.080179148707,8090.531979615661,102851800
2022-12-13,8256.61328125,8256.61328125,8114.257879849139,8185.43558054957,104580200
2022-12-14,8185.4365234375,8256.614232336957,8090.532911571558,8161.710620471014,118164300
2022-12-15,8066.806640625,8161.710248161765,8066.806640625001,8137.984346277574,113255700
2022-12-16,8161.7109375,8209.162745276162,7971.903706395349,7995.62961028343,181516700
2022-12-19,8209.1611328125,8256.612931268064,8161.709334356936,8209.1611328125,67482900
2022-12-20,8137.98486328125,8209.162573455722,8114.258959889759,8114.258959889759,41243700
2022-12-21,8232.8876953125,8256.613596451729,8137.984090755583,8161.709991894812,33617700
2022-12-22,8137.98486328125,8232.888476847213,8137.98486328125,8209.162573455722,59591500
2022-12-23,8066.806640625,8137.984346277574,8066.806640625001,8090.532542509191,47393000
2022-12-26,8137.98486328125,8185.436670064231,8066.807153106778,8066.807153106778,20495900
2022-12-27,8161.7109375,8209.162745276162,8137.985033611919,8161.7109375,27193800
2022-12-28,8209.1611328125,8209.1611328125,8114.257535901373,8209.1611328125,40420200
2022-12-29,8137.98486328125,8161.710766672741,8066.807153106778,8090.533056498269,47020900
2022-12-30,8114.2587890625,8209.162400630483,8114.2587890625,8137.984691954496,44681400
2023-01-02,8114.2587890625,8161.710594846491,8066.8069832785095,8137.984691954496,10653900
2023-01-03,8114.2587890625,8161.710594846491,8090.532886170505,8114.2587890625,27399100
2023-01-04,7924.451171875,8137.984287284805,7924.451171875,8090.532483860404,90918800
2023-01-05,7829.54736328125,7948.176868785511,7734.643758877841,7924.450967684659,128838500
2023-01-06,7876.99951171875,7900.725413862481,7687.192294568901,7687.192294568901,69286600
2023-01-09,8019.35546875,8019.35546875,7900.725949981509,7900.725949981509,86916900
2023-01-10,7758.3701171875,7995.629142177943,7734.644214688456,7971.9032396789,101759100
2023-01-11,7710.91796875,7734.643870192308,7592.288461538462,7639.740264423077,96069100
2023-01-12,7758.3701171875,7853.273727183678,7710.918312189412,7734.644214688456,103804600
2023-01-13,7639.740234375,7758.369741119954,7616.014333026009,7734.643839770963,119748200
2023-01-16,7734.64404296875,7782.095846913343,7639.740435079562,7639.740435079562,105710700
2023-01-17,7900.72509765625,7948.176900044576,7734.64378929711,7758.369690491272,88695900
2023-01-18,7876.99951171875,7900.725413862481,7758.370001000095,7782.095903143826,96814600
2023-01-19,7900.72509765625,7924.450998850413,7829.547394073761,7924.450998850413,66391800
2023-01-20,7876.99951171875,7900.725413862481,7829.547707431288,7853.273609575019,96859500
2023-01-24,7805.82177734375,7924.451287637728,7805.82177734375,7876.999483520137,42474500
2023-01-25,7782.095703125,7876.999309260671,7782.095703125,7876.999309260671,66124500
2023-01-26,8043.08154296875,8043.08154296875,7805.8225004033,7805.8225004033,77582300
2023-01-27,8256.61328125,8398.968682650862,8114.257879849139,8256.61328125,196804700
2023-01-30,8256.61328125,8327.790981950431,8137.983780082615,8280.339181483478,68544300
2023-01-31,8043.08154296875,8232.88877702111,8043.08154296875,8185.43696850802,200589000
2023-02-01,8066.806640625,8137.984346277574,8019.354836856618,8137.984346277574,77396200
2023-02-02,8019.35546875,8090.533180011094,7971.903661242603,7995.629564996301,99109500
2023-02-03,8256.61328125,8256.61328125,8066.806079382184,8114.257879849139,71716700
2023-02-06,8280.33984375,8304.06574588109,8209.162137356734,8304.06574588109,117757700
2023-02-07,8398.9697265625,8398.9697265625,8304.06611383298,8327.79201701536,116014700
2023-02-08,8375.2431640625,8398.969065377125,8351.517262747875,8375.2431640625,54495500
2023-02-09,8446.421875,8446.421875,8351.518258426966,8375.244162570225,72381700
2023-02-10,8375.2431640625,8446.420868006373,8256.613657489377,8422.69496669175,62060900
2023-02-13,8422.6953125,8446.421214788732,8327.79170334507,8422.6953125,63775000
2023-02-14,8493.873046875,8493.873046875,8375.243535047137,8398.96943741271,81678200
2023-02-15,8422.6953125,8446.421214788732,8304.065801056338,8422.6953125,38037000
2023-02-16,8256.61328125,8398.968682650862,8256.61328125,8375.242782417385,66040400
2023-02-17,8280.33984375,8398.969354405444,8280.33984375,8327.791648012177,43588900
2023-02-20,8304.0654296875,8375.243133370535,8256.613627232144,8280.339528459821,40077000
2023-02-21,8256.61328125,8351.516882183909,8256.61328125,8327.790981950431,25390500
2023-02-22,8232.8876953125,8304.065398730187,8185.435893034041,8256.613596451729,38671900
2023-02-23,8280.33984375,8304.06574588109,8185.436235225645,8185.436235225645,53412300
2023-02-24,8232.8876953125,8398.969003287104,8232.8876953125,8327.791299869416,44123400
2023-02-27,8327.791015625,8327.791015625,8209.16151397792,8232.887414307337,59983900
2023-02-28,8304.0654296875,8327.791330915179,8232.887726004465,8327.791330915179,106349400
2023-03-01,8161.7109375,8304.066360828489,8161.7109375,8280.340456940407,67034700
2023-03-02,8185.4365234375,8256.614232336957,8161.710620471014,8161.710620471014,56672000
2023-03-03,8043.08154296875,8232.88877702111,8043.08154296875,8209.162872764566,95376900
2023-03-06,7971.9033203125,8114.258736746652,7971.9033203125,8114.258736746652,92652000
2023-03-07,7995.62939453125,8043.081201026985,7924.451684787648,7924.451684787648,106115600
2023-03-08,8137.98486328125,8137.98486328125,7971.903539540816,7971.903539540816,79350900
2023-03-09,8137.98486328125,8209.162573455722,8114.258959889759,8209.162573455722,54201400
2023-03-10,8019.35546875,8114.259083764793,8019.35546875,8066.807276257397,59580100
2023-03-13,8114.2587890625,8185.436497738488,8019.355177494518,8019.355177494518,82077700
2023-03-14,7900.72509765625,8043.080504821228,7900.72509765625,7995.628702432901,90495300
2023-03-15,7900.72509765625,8043.080504821228,7900.72509765625,8019.3546036270645,86747400
2023-03-16,7876.99951171875,7924.451316006212,7829.547707431288,7876.99951171875,105894000
2023-03-17,7948.17724609375,8019.354952775187,7900.725441639459,7948.17724609375,198558600
2023-03-20,7971.9033203125,8043.081028529576,7948.1774175734745,7971.9033203125,37277900
2023-03-21,8066.806640625,8066.806640625001,7948.177131204045,7971.903033088236,91617400
2023-03-24,8375.2431640625,8375.2431640625,8185.435953545502,8256.613657489377,145603600
2023-03-27,8256.61328125,8375.242782417385,8256.61328125,8375.242782417385,110692800
2023-03-28,8232.8876953125,8351.517201008644,8232.8876953125,8351.517201008644,98296600
2023-03-29,8518.44921875,8518.44921875,8349.04823996804,8397.44851962003,101068200
2023-03-30,8542.6494140625,8615.24983401204,8518.44927407932,8615.24983401204,118912100
2023-03-31,8470.048828125,8566.849386160715,8445.848688616072,8542.649246651787,97146900
2023-04-03,8518.44921875,8542.649358575994,8470.048939098011,8542.649358575994,60288900
2023-04-04,8494.2490234375,8542.649302773327,8373.248325097935,8542.649302773327,60975800
2023-04-05,8445.8486328125,8518.449050859599,8445.8486328125,8494.248911510565,36922100
2023-04-06,8470.048828125,8494.248967633928,8421.648549107143,8421.648549107143,45489400
2023-04-10,8518.44921875,8518.44921875,8421.648659446022,8445.848799272017,32996000
2023-04-11,8542.6494140625,8542.6494140625,8470.04899411296,8542.6494140625,44554300
2023-04-12,8615.25,8615.25,8542.649578651684,8615.25,91903600
2023-04-13,8639.4501953125,8663.650335915616,8591.049914106268,8663.650335915616,51726500
2023-04-14,8712.05078125,8712.05078125,8663.650499131943,8712.05078125,110354200
2023-04-17,8736.2509765625,8760.451117771814,8615.250270515928,8736.2509765625,83946900
2023-04-18,8833.0517578125,8881.452041416953,8736.251190603596,8760.451332405823,91178700
2023-04-26,8905.6513671875,8905.6513671875,8712.050250509512,8833.050948433254,186928200
2023-04-27,8857.251953125,8881.452095073428,8784.651527279713,8808.851669228141,54842400
2023-04-28,8760.451171875,8833.051595951312,8760.451171875,8808.85145459254,145775300
2023-05-02,8760.451171875,8808.85145459254,8615.250323722375,8808.85145459254,83645900
2023-05-03,8639.4501953125,8760.450898328081,8591.049914106268,8760.450898328081,83728800
2023-05-04,8712.05078125,8736.250922309027,8591.050075954861,8639.450358072916,67565000
2023-05-05,8712.05078125,8760.451063368055,8663.650499131943,8712.05078125,64815100
2023-05-08,8712.05078125,8784.651204427084,8663.650499131943,8712.05078125,84754500
2023-05-09,8639.4501953125,8687.850476518732,8615.250054709384,8663.650335915616,40929600
2023-05-10,8639.4501953125,8663.650335915616,8615.250054709384,8639.4501953125,45322600
2023-05-11,8542.6494140625,8615.24983401204,8518.44927407932,8615.24983401204,81993900
2023-05-12,8518.44921875,8591.049638227983,8445.848799272017,8470.048939098011,96525600
2023-05-15,8494.2490234375,8591.049582109154,8445.848744101675,8591.049582109154,64830300
2023-05-16,8421.6484375,8542.649133441093,8421.6484375,8518.448994252874,49497000
2023-05-17,8494.2490234375,8566.84944244124,8470.048883769587,8494.2490234375,69996100
2023-05-19,8712.05078125,8712.05078125,8542.649793836805,8615.250217013889,123592500
2023-05-22,8712.05078125,8784.651204427084,8639.450358072916,8712.05078125,91000000
2023-05-23,8833.0517578125,8857.251899614726,8736.251190603596,8760.451332405823,102980500
2023-05-24,8736.2509765625,8905.6519650277,8736.2509765625,8905.6519650277,77392900
2023-05-25,8760.451171875,8857.251737310084,8760.451171875,8808.85145459254,76325700
2023-05-26,8857.251953125,8905.652237021857,8808.851669228141,8881.452095073428,55675900
2023-05-29,8857.251953125,8954.052520918714,8784.651527279713,8954.052520918714,79148200
2023-05-30,8954.0517578125,9026.65217747044,8857.251198268581,8905.65147804054,97189500
2023-05-31,8760.451171875,9026.652726821478,8760.451171875,9002.452585462708,722827900
2023-06-05,8905.6513671875,9026.652065111244,8808.850808848505,8857.251088018003,163535600
2023-06-06,8857.251953125,8905.652237021857,8760.451385331284,8760.451385331284,74872200
2023-06-07,8808.8515625,8881.45198746566,8784.65142084478,8833.05170415522,87492200
2023-06-08,8833.0517578125,8833.0517578125,8784.651474208047,8784.651474208047,53188400
2023-06-09,8808.8515625,8881.45198746566,8808.8515625,8881.45198746566,44632400
2023-06-12,8857.251953125,8857.251953125,8808.851669228141,8857.251953125,38082300
2023-06-13,8857.251953125,8881.452095073428,8808.851669228141,8881.452095073428,45552600
2023-06-14,8784.6513671875,8833.051650202307,8760.451225680095,8808.851508694903,72223700
2023-06-15,8760.451171875,8808.85145459254,8760.451171875,8808.85145459254,59073000
2023-06-16,8760.451171875,8808.85145459254,8687.850747798688,8808.85145459254,112769400
2023-06-19,8712.05078125,8760.451063368055,8712.05078125,8712.05078125,32330600
2023-06-20,8760.451171875,8760.451171875,8663.650606439918,8736.251030516229,54990100
2023-06-21,8833.0517578125,8833.0517578125,8712.05104880137,8760.451332405823,42676300
2023-06-22,8760.451171875,8857.251737310084,8760.451171875,8833.051595951312,48291100
2023-06-23,8760.451171875,8857.251737310084,8736.251030516229,8736.251030516229,47813500
2023-06-26,8784.6513671875,8833.051650202307,8736.251084172693,8736.251084172693,36389900
2023-06-27,8857.251953125,8857.251953125,8760.451385331284,8760.451385331284,36225100
2023-07-03,8784.6513671875,8784.6513671875,8736.251084172693,8736.251084172693,108855900
2023-07-04,8760.451171875,8857.251737310084,8760.451171875,8857.251737310084,35049300
2023-07-05,8760.451171875,8784.651313233771,8736.251030516229,8760.451171875,44609200
2023-07-06,8784.6513671875,8808.851508694903,8736.251084172693,8760.451225680095,52532400
2023-07-07,8736.2509765625,8808.851400190444,8736.2509765625,8736.2509765625,37641300
2023-07-10,8760.451171875,8808.85145459254,8760.451171875,8808.85145459254,28981500
2023-07-11,8736.2509765625,8808.851400190444,8736.2509765625,8808.851400190444,43703500
2023-07-12,8881.451171875,8881.451171875,8760.450474710491,8784.650614143393,61566500
2023-07-13,8833.0517578125,8929.852325021404,8833.0517578125,8905.652183219177,65230900
2023-07-14,8905.6513671875,8905.6513671875,8833.050948433254,8881.45122760275,55554500
2023-07-17,8881.451171875,8954.051590173705,8881.451171875,8905.651311307902,62550100
2023-07-18,8857.251953125,8954.052520918714,8808.851669228141,8905.652237021857,52924600
2023-07-20,8857.251953125,8929.852378970287,8833.05181117657,8905.652237021857,83476600
2023-07-21,8857.251953125,8881.452095073428,8833.05181117657,8857.251953125,42667800
2023-07-24,8808.8515625,8905.65212912088,8808.8515625,8905.65212912088,62061200
2023-07-25,8857.251953125,9002.452804815573,8857.251953125,8881.452095073428,122802700
2023-07-26,9050.8525390625,9050.8525390625,8833.051274753509,8881.451555711063,113868700
2023-07-27,8929.8515625,9099.252540650406,8929.8515625,9099.252540650406,77848400
2023-07-28,8833.0517578125,8929.852325021404,8833.0517578125,8905.652183219177,74510200
2023-07-31,8833.0517578125,8905.652183219177,8808.851616010274,8881.452041416953,80868000
2023-08-01,8833.0517578125,8881.452041416953,8808.851616010274,8881.452041416953,49756400
2023-08-02,8905.6513671875,8905.6513671875,8833.050948433254,8833.050948433254,60629900
2023-08-03,8954.0517578125,9002.452037584459,8857.251198268581,8857.251198268581,64596100
2023-08-04,8857.251953125,8978.252662867144,8833.05181117657,8954.052520918714,52675900
2023-08-07,8978.251953125,8978.251953125,8857.251252948112,8857.251252948112,55589300
2023-08-08,8905.6513671875,9002.451925526495,8905.6513671875,8978.251785941746,43373400
2023-08-09,9099.2529296875,9099.2529296875,8954.052085064826,8978.252225835273,77056800
2023-08-10,9099.2529296875,9123.453070457945,9050.852648146609,9099.2529296875,76738100
2023-08-11,9099.2529296875,9147.653211228391,9075.052788917053,9123.453070457945,68898600
2023-08-14,9050.8525390625,9050.8525390625,8929.851836668617,9026.652398583723,75495400
2023-08-15,9002.4521484375,9075.052568989415,9002.4521484375,9026.652288621472,59303700
2023-08-16,9002.4521484375,9026.652288621472,8954.051868069557,8978.252008253528,53440000
2023-08-18,8954.0517578125,9050.852317356419,8954.0517578125,8954.0517578125,79328900
2023-08-21,8881.451171875,8954.051590173705,8881.451171875,8929.851450740804,73573000
2023-08-22,9002.4521484375,9026.652288621472,8857.251307333669,8857.251307333669,65664600
2023-08-23,9002.4521484375,9026.652288621472,8978.252008253528,9002.4521484375,63749800
2023-08-24,8905.6513671875,9026.652065111244,8905.6513671875,8954.051646356998,53725900
2023-08-25,8978.251953125,8978.251953125,8881.45139298349,8905.651533018867,50379000
2023-08-28,8905.6513671875,8954.051646356998,8905.6513671875,8954.051646356998,44423100
2023-08-29,8954.0517578125,9002.452037584459,8905.65147804054,8978.25189769848,45428500
2023-08-30,8905.6513671875,9002.451925526495,8905.6513671875,9002.451925526495,56227000
2023-08-31,8881.451171875,8929.851450740804,8808.850753576295,8905.651311307902,136107200
2023-09-01,8929.8515625,8978.251841971545,8881.451283028455,8905.651422764227,42152700
2023-09-04,8929.8515625,8978.251841971545,8881.451283028455,8929.8515625,40610600
2023-09-05,8929.8515625,8954.051702235773,8905.651422764227,8954.051702235773,42007200
2023-09-06,8857.251953125,8954.052520918714,8857.251953125,8905.652237021857,49318400
2023-09-07,8881.451171875,8881.451171875,8808.850753576295,8833.050893009196,61405200
2023-09-08,8833.0517578125,8857.251899614726,8760.451332405823,8808.851616010274,80732300
2023-09-11,8833.0517578125,8833.0517578125,8784.651474208047,8784.651474208047,53155900
2023-09-12,8808.8515625,8833.05170415522,8784.65142084478,8808.8515625,66479000
2023-09-13,8784.6513671875,8784.6513671875,8712.05094266529,8760.451225680095,69490200
2023-09-14,8808.8515625,8833.05170415522,8712.05099587912,8712.05099587912,112757900
2023-09-15,8712.05078125,8808.851345486111,8712.05078125,8760.451063368055,121005300
2023-09-18,8712.05078125,8784.651204427084,8712.05078125,8760.451063368055,34272200
2023-09-19,8784.6513671875,8784.6513671875,8687.850801157885,8712.05094266529,33325800
2023-09-20,8857.251953125,8881.452095073428,8784.651527279713,8833.05181117657,54305500
2023-09-21,8833.0517578125,8857.251899614726,8784.651474208047,8833.0517578125,40607000
2023-09-22,8784.6513671875,8857.25179170971,8784.6513671875,8833.051650202307,42445300
2023-09-25,8712.05078125,8784.651204427084,8712.05078125,8784.651204427084,56132200
2023-09-26,8663.650390625,8736.250812892808,8663.650390625,8712.050672136871,73544700
2023-09-27,8591.0498046875,8712.050506161971,8591.0498046875,8615.249944982394,84345000
2023-09-29,8542.6494140625,8615.24983401204,8542.6494140625,8542.6494140625,118960000
2023-10-02,8784.6513671875,8808.851508694903,8591.05023512827,8615.250376635675,93663000
2023-10-03,8905.6513671875,8905.6513671875,8736.25039009426,8784.650669263758,98380200
2023-10-04,8905.6513671875,8954.051646356998,8833.050948433254,8905.6513671875,112582800
2023-10-05,8784.6513671875,8905.652074724518,8784.6513671875,8905.652074724518,72855700
2023-10-06,8736.2509765625,8808.851400190444,8736.2509765625,8808.851400190444,53344400
2023-10-09,8760.451171875,8833.051595951312,8736.251030516229,8736.251030516229,43774500
2023-10-10,8639.4501953125,8712.05061712185,8639.4501953125,8712.05061712185,71966100
2023-10-11,8639.4501953125,8736.250757724965,8639.4501953125,8639.4501953125,84305800
2023-10-12,8760.451171875,8808.85145459254,8712.05088915746,8712.05088915746,71064500
2023-10-13,8784.6513671875,8833.051650202307,8736.251084172693,8808.851508694903,62941800
2023-10-16,8808.8515625,8833.05170415522,8760.451279189561,8833.05170415522,29429200
2023-10-17,8663.650390625,8784.651094404679,8663.650390625,8760.450953648742,59606000
2023-10-18,8566.8505859375,8663.651157530014,8566.8505859375,8639.451014631886,50919200
2023-10-19,8470.048828125,8566.849386160715,8470.048828125,8542.649246651787,89509700
2023-10-20,8687.8505859375,8736.250867753308,8445.84917685846,8445.84917685846,64554500
2023-10-23,8566.8505859375,8639.451014631886,8566.8505859375,8591.05072883563,50633500
2023-10-24,8494.2490234375,8591.049582109154,8494.2490234375,8494.2490234375,76963200
2023-10-25,8591.0498046875,8639.450085277289,8542.649524097711,8542.649524097711,54748400
2023-10-26,8445.8486328125,8663.649886953797,8445.8486328125,8639.449747604764,63199400
2023-10-27,8421.6484375,8518.448994252874,8421.6484375,8445.848576688219,52450700
2023-10-30,8566.8505859375,8566.8505859375,8421.64972854873,8421.64972854873,51958200
2023-10-31,8470.048828125,8542.649246651787,8445.848688616072,8518.449107142858,64907600
2023-11-01,8324.8486328125,8494.249622433685,8324.8486328125,8470.04948105923,67027600
2023-11-02,8566.8505859375,8615.250871733757,8445.849871446857,8445.849871446857,56050900
2023-11-03,8615.25,8663.650280898875,8566.849719101123,8639.450140449439,60414100
2023-11-06,8760.451171875,8760.451171875,8663.650606439918,8687.850747798688,84994200
2023-11-07,8687.8505859375,8736.250867753308,8615.250163213788,8712.050726845404,60648200
2023-11-08,8712.05078125,8712.05078125,8615.250217013889,8663.650499131943,31829300
2023-11-09,8712.05078125,8760.451063368055,8615.250217013889,8615.250217013889,46076800
2023-11-10,8542.6494140625,8712.050393944759,8542.6494140625,8663.6501139784,50754600
2023-11-13,8591.0498046875,8639.450085277289,8566.849664392605,8591.0498046875,20827700
2023-11-14,8639.4501953125,8663.650335915616,8591.049914106268,8615.250054709384,37195700
2023-11-15,8760.451171875,8760.451171875,8663.650606439918,8687.850747798688,84977900
2023-11-16,8784.6513671875,8784.6513671875,8663.650659650482,8760.451225680095,48714300
2023-11-17,8784.6513671875,8784.6513671875,8687.850801157885,8736.251084172693,57050500
2023-11-20,8591.0498046875,8736.250646456865,8591.0498046875,8687.850365867078,49216000
2023-11-21,8494.2490234375,8615.249721777065,8494.2490234375,8542.649302773327,107614800
2023-11-22,8591.0498046875,8591.0498046875,8494.249243507922,8494.249243507922,40364800
2023-11-23,8639.4501953125,8687.850476518732,8566.84977350315,8566.84977350315,55542100
2023-11-24,8639.4501953125,8687.850476518732,8615.250054709384,8639.4501953125,43631900
2023-11-27,8591.0498046875,8663.650225572183,8591.0498046875,8615.249944982394,35679000
2023-11-28,8591.0498046875,8663.650225572183,8566.849664392605,8591.0498046875,69070600
2023-11-29,8615.25,8663.650280898875,8615.25,8615.25,54715600
2023-11-30,8687.8505859375,8687.8505859375,8615.250163213788,8639.450304121692,205312100
2023-12-01,8663.650390625,8687.850531380935,8615.250109113129,8639.450249869064,80566400
2023-12-04,8680.6708984375,8777.933317467612,8680.6708984375,8704.986503195028,54747400
2023-12-05,8656.35546875,8704.986679248595,8583.408653002107,8704.986679248595,94363900
2023-12-06,8559.0927734375,8704.986400257458,8559.0927734375,8607.723982377485,81852800
2023-12-07,8583.408203125,8583.408203125,8486.145787225567,8510.461391200424,91322500
2023-12-08,8510.4619140625,8607.7243359375,8510.4619140625,8559.093125000001,43891600
2023-12-11,8510.4619140625,8534.77751953125,8437.51509765625,8437.51509765625,78642800
2023-12-12,8461.830078125,8510.461285470546,8461.830078125,8461.830078125,87589300
2023-12-13,8437.5146484375,8510.461460960014,8437.5146484375,8461.830252611671,51560500
2023-12-14,8802.2490234375,8802.2490234375,8510.461762992058,8534.77736802918,115332800
2023-12-15,8972.4580078125,8972.4580078125,8826.564381669208,8875.195590383639,275013500
2023-12-18,8948.142578125,8972.458182956861,8899.511368461277,8948.142578125,111712200
2023-12-19,8996.7734375,8996.7734375,8875.195418074323,8875.195418074323,65174500
2023-12-20,9045.4052734375,9045.4052734375,8972.458456716231,8996.774062289987,72938100
2023-12-21,9069.720703125,9069.720703125,8996.773887818365,9045.405098022788,88116700
2023-12-22,9069.720703125,9094.036308227212,9021.089492920577,9021.089492920577,64449600
2023-12-27,9118.3515625,9142.667166666666,9069.720354166666,9118.3515625,64464700
2023-12-28,9142.66796875,9166.983575049866,9069.721149850398,9069.721149850398,70184600
2023-12-29,9142.66796875,9191.299181349734,9094.036756150266,9166.983575049866,79903400
2024-01-02,9166.9833984375,9166.9833984375,9094.036580943302,9142.6677926061,30545200
2024-01-03,9094.0361328125,9166.982946712065,9069.720528179312,9166.982946712065,34603300
2024-01-04,9215.6142578125,9215.6142578125,9118.35183820498,9142.66744310686,56501800
2024-01-05,9312.876953125,9337.192558746736,9215.614530638055,9239.93013625979,85290100
2024-01-08,9312.876953125,9361.508164368472,9215.614530638055,9337.192558746736,50896000
2024-01-09,9361.5087890625,9361.5087890625,9312.877574573864,9337.193181818182,59848600
2024-01-10,9288.5615234375,9385.823947766688,9288.5615234375,9385.823947766688,52774900
2024-01-11,9312.876953125,9385.82376999021,9312.876953125,9361.508164368472,39381500
2024-01-12,9434.4541015625,9434.4541015625,9337.19168814433,9385.822894853414,68253400
2024-01-15,9458.7705078125,9483.08611323104,9385.823691556876,9483.08611323104,88399500
2024-01-16,9434.4541015625,9483.085308271586,9410.138498207958,9434.4541015625,44869200
2024-01-17,9483.0859375,9483.0859375,9385.823517628205,9483.0859375,107706100
2024-01-18,9410.1396484375,9483.086467417636,9361.508435784077,9410.1396484375,71048900
2024-01-19,9361.5087890625,9507.40243252841,9337.193181818182,9507.40243252841,63176500
2024-01-22,9361.5087890625,9385.824396306818,9264.246360085228,9337.193181818182,52868300
2024-01-23,9337.1923828125,9337.1923828125,9191.298751831055,9191.298751831055,92348600
2024-01-24,9264.24609375,9337.192913385827,9215.614880659448,9337.192913385827,84906000
2024-01-25,9239.9296875,9312.876500822369,9191.29847861842,9191.29847861842,63212700
2024-01-26,9094.0361328125,9191.298551345255,9045.404923546123,9142.667342078877,78977300
2024-01-29,9288.5615234375,9288.5615234375,9118.35228086142,9142.667886943716,73452800
2024-01-30,9385.82421875,9385.82421875,9215.614971259714,9239.93057804404,73136400
2024-01-31,9288.5615234375,9434.455159931282,9288.5615234375,9434.455159931282,102581200
2024-02-01,9434.4541015625,9458.769704917042,9312.876084789787,9385.822894853414,104208700
2024-02-02,9434.4541015625,9531.71651498067,9361.507291498872,9507.400911626128,99324000
2024-02-05,9312.876953125,9410.139375611945,9264.245741881527,9410.139375611945,57983300
2024-02-06,9361.5087890625,9483.086825284092,9361.5087890625,9483.086825284092,87651000
2024-02-07,9434.4541015625,9458.769704917042,9385.822894853414,9434.4541015625,92953500
2024-02-12,9531.716796875,9531.716796875,9434.454380580357,9483.08558872768,87949400
2024-02-13,9458.7705078125,9531.717324068124,9434.454902393958,9483.08611323104,66072400
2024-02-15,9580.3486328125,9701.926661147683,9580.3486328125,9677.611055480647,164748900
2024-02-16,9677.611328125,9726.242540829146,9604.664509068782,9701.926934477073,142277200
2024-02-19,9604.6640625,9701.926483386076,9556.032852056962,9628.97966772152,53341300
2024-02-20,9750.5576171875,9750.5576171875,9580.34838197475,9580.34838197475,63997700
2024-02-21,9701.9267578125,9726.242363721803,9580.348728265977,9677.611151903195,75371600
2024-02-22,9604.6640625,9701.926483386076,9604.6640625,9701.926483386076,66913000
2024-02-23,9556.0322265625,9653.29464108222,9531.71662293257,9628.979037452289,55192300
2024-02-26,9531.716796875,9604.663609095982,9458.769984654018,9483.08558872768,41356000
2024-02-27,9604.6640625,9628.97966772152,9483.086036392406,9483.086036392406,43735800
2024-02-28,9726.2421875,9726.2421875,9628.979765625001,9701.92658203125,54043100
2024-02-29,9604.6640625,9726.242088607594,9580.348457278482,9726.242088607594,126671200
2024-03-01,9556.0322265625,9653.29464108222,9531.71662293257,9628.979037452289,51520600
2024-03-04,9483.0859375,9556.032752403846,9483.0859375,9531.717147435897,43822900
2024-03-05,9531.716796875,9628.979213169643,9507.40119280134,9628.979213169643,61952900
2024-03-06,9677.611328125,9726.242540829146,9507.402083660489,9628.980115420854,70242200
2024-03-07,9847.8203125,9896.451523919754,9726.242283950616,9774.87349537037,118369300
2024-03-08,9872.1357421875,10018.029373845444,9847.820136911176,9969.398163292795,100947200
2024-03-13,9726.2421875,10115.291875,9726.2421875,10115.291875,141622600
2024-03-14,10042.3447265625,10042.3447265625,9750.557470584898,9774.873075249698,110681100
2024-03-15,9872.1357421875,10018.029373845444,9774.873321082205,9920.766952740149,154176800
2024-03-18,9872.1357421875,9993.71376856912,9872.1357421875,9896.451347463824,62444100
2024-03-19,9896.4521484375,9969.398970170454,9872.136541193182,9872.136541193182,55004800
2024-03-20,9847.8203125,9872.135918209877,9799.189101080246,9823.504706790123,66269700
2024-03-21,9847.8203125,9945.082735339505,9774.87349537037,9896.451523919754,90279400
2024-03-22,9823.5048828125,9847.820488958076,9677.611245939046,9726.242458230197,91968200
2024-03-25,10025.0,10025.0,9875.74441687345,10025.0,66971000
2024-03-26,10000.1240234375,10000.1240234375,9900.620301811256,10000.1240234375,65742700
2024-03-27,10025.0,10025.0,9950.372208436724,9975.248138957815,39514100
2024-03-28,10025.0,10049.875930521092,9925.496277915632,9975.248138957815,79229700
2024-04-01,9801.1162109375,10049.875505631344,9776.240281468115,10024.999576161961,79248700
2024-04-02,9850.8681640625,9900.620023476957,9751.364445233587,9875.744093769728,76763100
2024-04-03,9477.7294921875,9751.364726870079,9477.7294921875,9701.6128660187,177418400
2024-04-04,9801.1162109375,9801.1162109375,9527.48098677427,9527.48098677427,75993500
2024-04-05,9776.240234375,9900.619881122773,9776.240234375,9900.619881122773,70428600
2024-04-16,9427.9775390625,9527.481259791391,9204.094167422494,9303.597888151386,283265900
2024-04-17,9477.7294921875,9626.985074741635,9477.7294921875,9502.60542261319,95620700
2024-04-18,9427.9775390625,9527.481259791391,9403.101608880277,9477.729399426946,127134000
2024-04-19,9427.9775390625,9452.853469244723,9253.84602778694,9303.597888151386,147784300
2024-04-22,9303.59765625,9378.225444936497,9303.59765625,9353.349515374332,128908000
2024-04-23,9676.736328125,9726.48818585315,9353.34925289203,9353.34925289203,178833000
2024-04-24,9900.6201171875,9900.6201171875,9701.612677646042,9776.240467474088,132832700
2024-04-25,9726.48828125,9950.371643222506,9651.860493925831,9950.371643222506,104874100
2024-04-26,9577.2333984375,9776.24084567776,9577.2333984375,9651.861191152597,100932900
2024-04-29,9751.3642578125,9801.116116270727,9477.72903629225,9477.72903629225,90063500
2024-04-30,9751.3642578125,10000.123550103635,9751.3642578125,10000.123550103635,109623000
2024-05-02,9502.60546875,9850.868496400524,9452.853607657067,9850.868496400524,97079400
2024-05-03,9801.1162109375,9801.1162109375,9626.984704651808,9701.612493059962,81200400
2024-05-06,9751.3642578125,9825.992045499841,9726.488328583386,9801.116116270727,53076200
2024-05-07,9651.8603515625,9701.61220904478,9577.232565339078,9651.8603515625,66746800
2024-05-08,9328.4736328125,9651.86071875,9328.4736328125,9552.357,112808900
2024-05-13,9477.7294921875,9477.7294921875,9154.342396653543,9154.342396653543,145469900
2024-05-14,9502.60546875,9626.98512148233,9477.729538203534,9577.233260389397,95363500
2024-05-15,9452.853515625,9552.357236842106,9378.22572471217,9452.853515625,54741900
2024-05-16,9552.357421875,9626.985214233398,9477.729629516602,9527.481491088867,61126000
2024-05-17,9701.6123046875,9801.116020633013,9527.480801782853,9552.35673076923,99848500
2024-05-20,9427.9775390625,9751.3646314314,9427.9775390625,9651.860910702506,87890100
2024-05-21,9328.4736328125,9527.4810703125,9328.4736328125,9403.101421875,75311400
2024-05-22,9378.2255859375,9527.481165554542,9278.721866192805,9427.977445809847,121712700
2024-05-27,9253.845703125,9328.473491053426,9228.969773815525,9253.845703125,128578500
2024-05-28,9253.845703125,9353.349420362903,9253.845703125,9253.845703125,73945700
2024-05-29,9104.5908203125,9278.722338733776,9104.5908203125,9228.970476327699,117351600
2024-05-30,8955.3349609375,9204.094265407986,8731.451586914063,8955.3349609375,207115100
2024-05-31,9204.09375,9204.09375,8980.210388513515,9054.838175675675,756431600
2024-06-03,9228.9697265625,9303.597514108827,9179.21786819828,9303.597514108827,72197700
2024-06-04,9303.59765625,9477.72916318516,9303.59765625,9477.72916318516,75353100
2024-06-05,9403.1015625,9452.853422619048,9253.845982142857,9452.853422619048,82087300
2024-06-06,9427.9775390625,9477.729399426946,9403.101608880277,9477.729399426946,44991300
2024-06-07,9278.7216796875,9452.853185740616,9278.7216796875,9452.853185740616,51599800
2024-06-10,9477.7294921875,9477.7294921875,9403.101700910433,9452.85356176181,45584700
2024-06-11,9253.845703125,9502.604996219758,9253.845703125,9502.604996219758,68690900
2024-06-12,9204.09375,9278.721537162162,9204.09375,9253.845608108108,49785700
2024-06-13,9154.341796875,9427.977013629416,9154.341796875,9427.977013629416,84652200
2024-06-14,9154.341796875,9204.093654466711,9054.838081691576,9154.341796875,52986300
2024-06-19,9005.0869140625,9204.094359677141,9005.0869140625,9204.094359677141,100051000
2024-06-20,9378.2255859375,9378.2255859375,9054.838496767241,9104.590356639588,81474800
2024-06-21,9552.357421875,9626.985214233398,9353.349975585938,9427.977767944336,166841200
2024-06-24,9552.357421875,9701.613006591797,9527.481491088867,9552.357421875,79592300
2024-06-25,9552.357421875,9552.357421875,9403.101837158203,9552.357421875,80029000
2024-06-26,9452.853515625,9602.109097450659,9403.101655016448,9477.729445929277,77913200
2024-06-27,9701.6123046875,9701.6123046875,9502.604872796474,9527.480801782853,89150700
2024-06-28,9875.744140625,9925.496000275503,9726.488561673488,9751.36449149874,166172300
2024-07-01,9825.9921875,9850.868117088608,9776.240328322785,9801.116257911393,68634600
2024-07-02,9850.8681640625,9950.371882891415,9801.116304648043,9950.371882891415,78848500
2024-07-03,9950.3720703125,9950.3720703125,9875.744279785156,9925.496140136718,55860200
2024-07-04,9776.240234375,9950.371739821883,9776.240234375,9925.495810472328,67054000
2024-07-05,9900.6201171875,9925.496047130182,9825.992327359452,9875.744187244818,36946900
2024-07-08,10000.1240234375,10000.1240234375,9900.620301811256,9950.372162624379,72903600
2024-07-09,10025.0,10099.627791563275,10025.0,10049.875930521092,61853200
2024-07-10,10049.8759765625,10174.255629737778,10000.124115292389,10124.503768467666,62325900
2024-07-11,10025.0,10074.751861042183,9950.372208436724,9950.372208436724,55908400
2024-07-12,10025.0,10049.875930521092,9975.248138957815,10000.124069478908,62646500
2024-07-15,10000.1240234375,10024.99995384406,9900.620301811256,10000.1240234375,36682600
2024-07-16,9900.6201171875,9975.247907015546,9900.6201171875,9925.496047130182,37192700
2024-07-17,9751.3642578125,9900.61983318718,9751.3642578125,9850.867974728953,90666000
2024-07-18,10049.8759765625,10049.8759765625,9751.364808941831,9751.364808941831,65383200
2024-07-19,10074.751953125,10074.751953125,9925.49636863426,10000.12416087963,53880300
2024-07-22,10049.8759765625,10099.627837832611,10049.8759765625,10074.751907197555,31285300
2024-07-23,10124.50390625,10149.379837223587,10074.752044302826,10149.379837223587,39321100
2024-07-24,10025.0,10124.503722084366,10025.0,10074.751861042183,24658000
2024-07-25,10248.8828125,10248.8828125,10149.379095873786,10174.25502503034,98088100
2024-07-26,10273.7587890625,10348.386576876514,10248.882859791162,10323.510647605175,75565800
2024-07-29,10199.130859375,10373.262361852134,10124.503072599085,10348.386432926829,69092500
2024-07-30,10124.50390625,10248.883561117937,10124.50390625,10248.883561117937,32122900
2024-07-31,10224.0068359375,10298.63462306113,10174.254977855078,10298.63462306113,82519900
2024-08-01,10323.5107421875,10323.5107421875,10149.379235692772,10149.379235692772,61176200
2024-08-02,10149.3798828125,10298.635469324448,10149.3798828125,10224.007676068473,55699900
2024-08-05,9825.9921875,10099.627412974683,9825.9921875,9950.371835443038,126328300
2024-08-06,9950.3720703125,10024.999860839844,9900.620209960938,10024.999860839844,78473900
2024-08-07,10049.8759765625,10049.8759765625,9950.372254022277,9950.372254022277,52327400
2024-08-08,10174.2548828125,10174.2548828125,10024.999309959505,10099.627096386002,54162100
2024-08-09,10099.6279296875,10199.131653132697,10049.876067964902,10174.255722271399,47062400
2024-08-12,10149.3798828125,10149.3798828125,10025.000227385875,10049.876158471201,40364100
2024-08-13,10248.8828125,10248.8828125,10124.503166717233,10199.130954186892,55207100
2024-08-14,10149.3798828125,10248.883607153799,10149.3798828125,10248.883607153799,47999100
2024-08-15,10174.2548828125,10248.882669238998,10124.503025194834,10149.378954003667,33396600
2024-08-16,10273.7587890625,10273.7587890625,10199.131001248486,10248.882859791162,40731400
2024-08-19,10323.5107421875,10373.262601185994,10224.007024190512,10273.758883189006,51054400
2024-08-20,10373.2626953125,10398.13862503747,10248.88304668765,10273.75897641262,60304400
2024-08-21,10373.2626953125,10447.89048448741,10373.2626953125,10447.89048448741,84848800
2024-08-22,10273.7587890625,10348.386576876514,10174.255071977148,10298.634718333837,56611600
2024-08-23,10273.7587890625,10323.510647605175,10248.882859791162,10273.7587890625,46651600
2024-08-26,10273.7587890625,10323.510647605175,10199.131001248486,10224.006930519823,35145600
2024-08-27,10149.3798828125,10248.883607153799,10124.503951727174,10224.007676068473,60448400
2024-08-28,10298.634765625,10298.634765625,10199.131048082729,10248.882906853865,38489900
2024-08-29,10174.2548828125,10447.890099709657,10174.2548828125,10447.890099709657,53004700
2024-08-30,10273.7587890625,10273.7587890625,10149.379142705811,10273.7587890625,158403700
2024-09-02,10224.0068359375,10323.510552102342,10149.37904881387,10323.510552102342,72008600
2024-09-03,10124.50390625,10273.759492091523,10099.627975276413,10273.759492091523,50950200
2024-09-04,10248.8828125,10248.8828125,10074.751308404126,10099.627237560679,44817000
2024-09-05,10199.130859375,10298.63457507622,10199.130859375,10298.63457507622,39332900
2024-09-06,10248.8828125,10248.8828125,10174.25502503034,10174.25502503034,31541800
2024-09-09,10224.0068359375,10298.63462306113,10149.37904881387,10248.88276497871,36185100
2024-09-10,10298.634765625,10298.634765625,10224.006977468298,10298.634765625,55093100
2024-09-11,10373.2626953125,10373.2626953125,10298.63490613759,10373.2626953125,64621300
2024-09-12,10423.0146484375,10447.89057838604,10323.510928643347,10398.138718488963,70759100
2024-09-13,10373.2626953125,10373.2626953125,10273.75897641262,10348.386765587531,70057100
2024-09-17,10447.890625,10447.890625,10298.635044642857,10398.138764880952,89745000
2024-09-18,10572.2705078125,10572.2705078125,10398.138993566175,10447.89085477941,65420200
2024-09-19,10845.9052734375,10845.9052734375,10597.145978175173,10646.897837227638,140886600
2024-09-20,10721.525390625,10845.905035527843,10721.525390625,10845.905035527843,142194600
2024-09-23,10895.6572265625,10895.6572265625,10671.773858893408,10671.773858893408,72553800
2024-09-24,10746.4013671875,10895.656941731771,10721.525438096789,10721.525438096789,105191100
2024-09-25,10796.1533203125,10796.1533203125,10472.766239289314,10622.021815146169,158369100
2024-09-26,10646.8984375,10821.02995400117,10622.022506571262,10821.02995400117,84960100
2024-09-27,10597.146484375,10696.650207232982,10348.387177230048,10447.890900088029,93027400
2024-09-30,10273.7587890625,10497.642152504539,10273.7587890625,10423.014364690525,144692100
2024-10-01,10497.642578125,10497.642578125,10323.51106616558,10348.386996445497,59797700
2024-10-02,10447.890625,10497.642485119048,10273.759114583334,10273.759114583334,86746200
2024-10-03,10398.138671875,10472.766461386065,10348.386812200957,10398.138671875,60887000
2024-10-04,10423.0146484375,10423.0146484375,10298.63499869481,10348.386858591886,58500400
2024-10-07,10248.8828125,10323.51059996966,10199.130954186892,10298.634670813106,91867900
2024-10-08,10348.38671875,10447.89043719952,10099.627422626201,10149.379281850961,99622900
2024-10-09,10373.2626953125,10472.766414212381,10348.386765587531,10348.386765587531,56835200
2024-10-10,10447.890625,10447.890625,10348.386904761905,10373.26283482143,51080000
2024-10-11,10323.5107421875,10522.518178181475,10323.5107421875,10522.518178181475,44632100
2024-10-14,10447.890625,10447.890625,10323.510974702382,10323.510974702382,31738600
2024-10-15,10572.2705078125,10572.2705078125,10398.138993566175,10497.642715992646,66635200
2024-10-16,10423.0146484375,10671.773947922882,10423.0146484375,10646.898017974343,63255900
2024-10-17,10671.7744140625,10746.402207167832,10447.891034746504,10497.642896816726,66993300
2024-10-18,10696.6494140625,10821.029058412065,10671.773485192587,10821.029058412065,56299600
2024-10-21,10622.0224609375,10796.153976690573,10622.0224609375,10796.153976690573,36472500
2024-10-22,10447.890625,10547.394345238095,10423.014694940477,10423.014694940477,94799500
2024-10-23,10597.146484375,10597.146484375,10423.014969373533,10423.014969373533,48903000
2024-10-24,10646.8984375,10796.15402307243,10646.8984375,10671.774368428738,85341200
2024-10-25,10696.6494140625,10696.6494140625,10572.269769712937,10597.14569858285,34847500
2024-10-28,10547.39453125,10771.277905734081,10547.39453125,10771.277905734081,39061500
2024-10-29,10447.890625,10522.51841517857,10447.890625,10472.766555059525,49680100
2024-10-30,10298.634765625,10348.386624396135,10224.006977468298,10224.006977468298,114484100
2024-10-31,10199.130859375,10423.014219702744,10199.130859375,10273.758646150915,97553400
2024-11-01,10373.2626953125,10373.2626953125,10224.00711696268,10224.00711696268,47710000
2024-11-04,10323.5107421875,10447.890389683735,10248.88295368976,10373.262601185994,49275700
2024-11-05,10447.890625,10522.51841517857,10248.88318452381,10248.88318452381,50296500
2024-11-06,10398.138671875,10447.890531549043,10323.510882363937,10423.014601712022,50324900
2024-11-07,10124.50390625,10398.13914695946,10124.50390625,10273.759492091523,131579100
2024-11-08,10025.0,10174.25558312655,10000.124069478908,10149.37965260546,92166100
2024-11-11,10000.1240234375,10000.1240234375,9751.36471937189,9751.36471937189,128707600
2024-11-12,10099.6279296875,10174.255722271399,9950.372344519705,10049.876067964902,80378500
2024-11-13,10099.6279296875,10199.131653132697,10099.6279296875,10174.255722271399,62933100
2024-11-14,10049.8759765625,10124.503768467666,10000.124115292389,10074.751907197555,56381400
2024-11-15,10124.50390625,10224.00763014435,10000.124251382063,10000.124251382063,63598200
2024-11-18,9950.3720703125,10074.751721191406,9950.3720703125,10024.999860839844,65716200
2024-11-19,9875.744140625,9975.247859926007,9850.868210799748,9850.868210799748,85295300
2024-11-20,10025.0,10099.627791563275,9950.372208436724,9975.248138957815,58584400
2024-11-21,9850.0,10000.0,9850.0,10000.0,93181200
2024-11-22,9850.0,9950.0,9850.0,9925.0,58396100
2024-11-25,10175.0,10200.0,9900.0,9950.0,165369400
2024-11-26,10000.0,10250.0,10000.0,10250.0,62310100
2024-11-28,10000.0,10075.0,9925.0,9975.0,57443500
2024-11-29,10000.0,10100.0,9950.0,10000.0,76886000
2024-12-02,9750.0,10050.0,9750.0,10000.0,87879600
2024-12-03,10200.0,10225.0,9900.0,10025.0,126087100
2024-12-04,10200.0,10250.0,10050.0,10175.0,97876300
2024-12-05,10250.0,10350.0,10225.0,10250.0,96904400
2024-12-06,10075.0,10175.0,10050.0,10100.0,68247200
2024-12-09,10350.0,10350.0,10000.0,10025.0,64458400
2024-12-10,10350.0,10350.0,10275.0,10325.0,61230400
2024-12-11,10425.0,10425.0,10225.0,10225.0,37934300
2024-12-12,10175.0,10375.0,10175.0,10300.0,44780100
2024-12-13,10050.0,10225.0,10025.0,10125.0,75126400
2024-12-16,10100.0,10125.0,10000.0,10000.0,57746100
2024-12-17,9900.0,10050.0,9900.0,9950.0,99845900
2024-12-18,9800.0,10025.0,9800.0,9900.0,84868500
2024-12-19,9675.0,9775.0,9550.0,9700.0,104254100
2024-12-20,9650.0,9750.0,9625.0,9650.0,91576900
2024-12-23,9775.0,9850.0,9700.0,9700.0,43292100
2024-12-24,9750.0,9900.0,9750.0,9850.0,32415700
2024-12-27,9800.0,9825.0,9725.0,9800.0,24016700
2024-12-30,9675.0,9825.0,9675.0,9800.0,56350100
